AQI,PM25,city,date,qLevel
60,33,北京,2016-12-01,良
129,98,北京,2016-12-02,轻度污染
259,209,北京,2016-12-03,重度污染
302,252,北京,2016-12-04,严重污染
60,43,北京,2016-12-05,良
112,84,北京,2016-12-06,轻度污染
170,129,北京,2016-12-07,中度污染
114,86,北京,2016-12-08,轻度污染
54,25,北京,2016-12-09,良
80,49,北京,2016-12-10,良
219,169,北京,2016-12-11,重度污染
271,221,北京,2016-12-12,重度污染
68,49,北京,2016-12-13,良
58,28,北京,2016-12-14,良
69,45,北京,2016-11-01,良
140,107,北京,2016-11-02,轻度污染
243,193,北京,2016-11-03,重度污染
292,242,北京,2016-11-04,重度污染
230,180,北京,2016-11-05,重度污染
95,71,北京,2016-11-06,良
53,37,北京,2016-11-07,良
67,39,北京,2016-11-08,良
208,158,北京,2016-11-09,重度污染
199,149,北京,2016-11-10,中度污染
110,83,北京,2016-11-11,轻度污染
100,75,北京,2016-11-12,良
132,100,北京,2016-11-13,轻度污染
62,39,北京,2016-11-14,良
220,170,北京,2016-10-01,重度污染
233,183,北京,2016-10-02,重度污染
159,121,北京,2016-10-03,中度污染
47,31,北京,2016-10-04,优
83,61,北京,2016-10-05,良
95,71,北京,2016-10-06,良
55,39,北京,2016-10-07,良
33,13,北京,2016-10-08,优
67,33,北京,2016-10-09,良
122,92,北京,2016-10-10,轻度污染
149,114,北京,2016-10-11,轻度污染
107,80,北京,2016-10-12,轻度污染
206,156,北京,2016-10-13,重度污染
292,242,北京,2016-10-14,重度污染
236,186,北京,2016-10-15,重度污染
153,117,北京,2016-10-16,中度污染
85,63,北京,2016-10-17,良
160,122,北京,2016-10-18,中度污染
109,71,北京,2016-08-01,轻度污染
96,49,北京,2016-08-02,良
153,59,北京,2016-08-03,中度污染
155,101,北京,2016-08-04,中度污染
103,66,北京,2016-08-05,轻度污染
129,98,北京,2016-08-06,轻度污染
69,20,北京,2016-08-07,良
95,32,北京,2016-08-08,良
135,46,北京,2016-08-09,轻度污染
112,84,北京,2016-08-10,轻度污染
114,86,北京,2016-08-11,轻度污染
79,58,北京,2016-08-12,良
50,22,北京,2016-08-13,优
104,22,北京,2016-08-14,轻度污染
45,20,北京,2016-08-15,优
96,24,北京,2016-08-16,良
87,64,北京,2016-08-17,良
99,74,北京,2016-08-18,良
67,19,北京,2016-08-19,良
134,54,北京,2016-08-20,轻度污染
39,8,北京,2016-09-01,优
39,12,北京,2016-09-02,优
86,21,北京,2016-09-03,良
106,79,北京,2016-09-04,轻度污染
54,28,北京,2016-09-05,良
0,0,北京,2016-09-06,无
87,40,北京,2016-09-07,良
55,23,北京,2016-09-08,良
53,18,北京,2016-09-09,良
54,17,北京,2016-09-10,良
65,32,北京,2016-09-11,良
72,34,北京,2016-09-12,良
118,89,北京,2016-09-13,轻度污染
130,99,北京,2016-09-14,轻度污染
111,79,北京,2016-09-15,轻度污染
172,130,北京,2016-09-16,中度污染
57,40,北京,2016-09-17,良
82,14,北京,2016-07-01,良
108,37,北京,2016-06-01,轻度污染
156,53,北京,2016-06-02,中度污染
160,82,北京,2016-06-03,中度污染
179,87,北京,2016-06-04,中度污染
161,71,北京,2016-06-05,中度污染
189,87,北京,2016-06-06,中度污染
127,60,北京,2016-06-07,轻度污染
170,129,北京,2016-06-08,中度污染
93,35,北京,2016-04-01,良
43,9,北京,2016-04-02,优
52,20,北京,2016-04-03,良
103,77,北京,2016-04-04,轻度污染
148,113,北京,2016-04-05,轻度污染
192,144,北京,2016-04-06,中度污染
108,81,北京,2016-04-07,轻度污染
71,25,北京,2016-04-08,良
148,73,北京,2016-04-09,轻度污染
121,54,北京,2016-04-10,轻度污染
77,41,北京,2016-04-11,良
105,79,北京,2016-04-12,轻度污染
158,120,北京,2016-04-13,中度污染
76,32,北京,2016-04-14,良
234,184,北京,2016-05-01,重度污染
82,50,北京,2016-05-02,良
60,23,北京,2016-05-03,良
68,29,北京,2016-05-04,良
102,62,北京,2016-05-05,轻度污染
116,57,北京,2016-05-06,轻度污染
74,23,北京,2016-05-07,良
97,60,北京,2016-05-08,良
64,36,北京,2016-05-09,良
100,43,北京,2016-05-10,良
200,150,北京,2016-05-11,中度污染
62,34,北京,2016-05-12,良
73,32,北京,2016-05-13,良
158,120,北京,2016-03-01,中度污染
212,162,北京,2016-03-02,重度污染
333,283,北京,2016-03-03,严重污染
365,315,北京,2016-03-04,严重污染
170,58,北京,2016-03-05,中度污染
116,73,北京,2016-03-06,轻度污染
70,34,北京,2016-03-07,良
39,10,北京,2016-03-08,优
37,10,北京,2016-03-09,优
49,11,北京,2016-03-10,优
51,24,北京,2016-03-11,良
144,110,北京,2016-03-12,轻度污染
48,30,北京,2016-03-13,优
40,13,北京,2016-02-01,优
62,29,北京,2016-02-02,良
69,35,北京,2016-02-03,良
36,13,北京,2016-02-04,优
38,10,北京,2016-02-05,优
45,31,北京,2016-02-06,优
69,50,北京,2016-02-07,良
238,188,北京,2016-02-08,重度污染
60,43,北京,2016-02-09,良
128,97,北京,2016-02-10,轻度污染
202,152,北京,2016-02-11,重度污染
192,144,北京,2016-02-12,中度污染
34,9,北京,2016-02-13,优
36,7,北京,2016-02-14,优
46,7,北京,2016-02-15,优
226,176,北京,2016-01-01,重度污染
316,266,北京,2016-01-02,严重污染
297,247,北京,2016-01-03,重度污染
53,37,北京,2016-01-04,良
63,34,北京,2016-01-05,良
44,25,北京,2016-01-06,优
35,13,北京,2016-01-07,优
54,35,北京,2016-01-08,良
102,76,北京,2016-01-09,轻度污染
69,46,北京,2016-01-10,良
32,11,北京,2016-01-11,优
38,14,北京,2016-01-12,优
62,26,北京,2016-01-13,良
98,73,北京,2016-01-14,良
476,464,北京,2015-12-01,严重污染
24,7,北京,2015-12-02,优
33,10,北京,2015-12-03,优
54,31,北京,2015-12-04,良
77,49,北京,2015-12-05,良
175,132,北京,2015-12-06,中度污染
230,180,北京,2015-12-07,重度污染
295,245,北京,2015-12-08,重度污染
294,244,北京,2015-12-09,重度污染
127,96,北京,2015-12-10,轻度污染
75,48,北京,2015-12-11,良
172,130,北京,2015-12-12,中度污染
229,179,北京,2015-12-13,重度污染
207,157,北京,2015-12-14,重度污染
28,7,北京,2015-12-15,优
23,8,北京,2015-12-16,优
84,62,北京,2015-12-17,良
80,58,北京,2015-12-18,良
98,72,北京,2015-11-01,良
102,76,北京,2015-11-02,轻度污染
199,149,北京,2015-11-03,中度污染
260,210,北京,2015-11-04,重度污染
144,110,北京,2015-11-05,轻度污染
37,20,北京,2015-11-06,优
37,19,北京,2015-11-07,优
82,60,北京,2015-11-08,良
163,124,北京,2015-11-09,中度污染
175,132,北京,2015-11-10,中度污染
137,104,北京,2015-11-11,轻度污染
205,155,北京,2015-11-12,重度污染
258,208,北京,2015-11-13,重度污染
324,274,北京,2015-11-14,严重污染
33,14,北京,2015-10-01,优
59,30,北京,2015-10-02,良
62,28,北京,2015-10-03,良
149,114,北京,2015-10-04,轻度污染
272,222,北京,2015-10-05,重度污染
343,293,北京,2015-10-06,严重污染
310,260,北京,2015-10-07,严重污染
35,11,北京,2015-10-08,优
39,16,北京,2015-10-09,优
27,8,北京,2015-10-10,优
37,10,北京,2015-10-11,优
60,18,北京,2015-10-12,良
84,35,北京,2015-10-13,良
135,103,北京,2015-10-14,轻度污染
143,109,北京,2015-10-15,轻度污染
253,203,北京,2015-10-16,重度污染
34,11,北京,2015-09-01,优
44,10,北京,2015-09-02,优
74,15,北京,2015-09-03,良
64,46,北京,2015-09-04,良
44,18,北京,2015-09-05,优
63,17,北京,2015-09-06,良
84,25,北京,2015-09-07,良
104,52,北京,2015-09-08,轻度污染
50,32,北京,2015-09-09,优
37,8,北京,2015-09-10,优
35,9,北京,2015-09-11,优
34,9,北京,2015-09-12,优
57,20,北京,2015-09-13,良
89,66,北京,2015-09-14,良
140,105,北京,2015-09-15,轻度污染
169,128,北京,2015-09-16,中度污染
201,151,北京,2015-09-17,重度污染
90,67,北京,2015-08-01,良
102,74,北京,2015-08-02,轻度污染
82,60,北京,2015-08-03,良
110,21,北京,2015-08-04,轻度污染
127,64,北京,2015-08-05,轻度污染
119,58,北京,2015-08-06,轻度污染
119,90,北京,2015-08-07,轻度污染
110,40,北京,2015-08-08,轻度污染
152,53,北京,2015-08-09,中度污染
112,42,北京,2015-08-10,轻度污染
175,91,北京,2015-08-11,中度污染
161,81,北京,2015-08-12,中度污染
202,120,北京,2015-08-13,重度污染
119,58,北京,2015-08-14,轻度污染
80,22,北京,2015-08-15,良
41,18,北京,2015-07-01,优
46,8,北京,2015-07-02,优
116,24,北京,2015-07-03,轻度污染
92,33,北京,2015-07-04,良
160,62,北京,2015-07-05,中度污染
156,69,北京,2015-07-06,中度污染
160,67,北京,2015-07-07,中度污染
175,125,北京,2015-07-08,中度污染
172,72,北京,2015-07-09,中度污染
145,50,北京,2015-07-10,轻度污染
181,103,北京,2015-07-11,中度污染
200,108,北京,2015-07-12,中度污染
176,49,北京,2015-07-13,中度污染
147,35,北京,2015-07-14,轻度污染
85,34,北京,2015-07-15,良
54,37,北京,2015-07-16,良
50,35,北京,2015-07-17,优
78,47,北京,2015-07-18,良
89,66,北京,2015-07-19,良
165,125,北京,2015-05-01,中度污染
88,45,北京,2015-05-02,良
72,40,北京,2015-05-03,良
66,23,北京,2015-05-04,良
72,43,北京,2015-05-05,良
60,19,北京,2015-05-06,良
89,42,北京,2015-05-07,良
83,52,北京,2015-05-08,良
55,39,北京,2015-05-09,良
49,34,北京,2015-05-10,优
42,24,北京,2015-05-11,优
54,19,北京,2015-05-12,良
98,57,北京,2015-05-13,良
57,20,北京,2015-05-14,良
67,23,北京,2015-05-15,良
116,46,北京,2015-05-16,轻度污染
159,88,北京,2015-06-01,中度污染
103,30,北京,2015-06-02,轻度污染
75,32,北京,2015-06-03,良
70,51,北京,2015-06-04,良
68,49,北京,2015-06-05,良
79,25,北京,2015-06-06,良
43,14,北京,2015-06-07,优
69,18,北京,2015-06-08,良
134,49,北京,2015-06-09,轻度污染
100,75,北京,2015-06-10,良
48,20,北京,2015-06-11,优
44,8,北京,2015-06-12,优
65,11,北京,2015-06-13,良
98,19,北京,2015-06-14,良
166,85,北京,2015-06-15,中度污染
177,104,北京,2015-06-16,中度污染
126,42,北京,2015-06-17,轻度污染
53,19,北京,2015-06-18,良
35,14,北京,2015-06-19,优
103,23,北京,2015-06-20,轻度污染
137,41,北京,2015-06-21,轻度污染
80,59,北京,2015-04-01,良
50,35,北京,2015-04-02,优
62,28,北京,2015-04-03,良
84,62,北京,2015-04-04,良
74,53,北京,2015-04-05,良
38,20,北京,2015-04-06,优
45,23,北京,2015-04-07,优
126,96,北京,2015-04-08,轻度污染
212,162,北京,2015-04-09,重度污染
200,150,北京,2015-04-10,中度污染
188,141,北京,2015-04-11,中度污染
44,12,北京,2015-04-12,优
67,26,北京,2015-04-13,良
74,54,北京,2015-04-14,良
168,109,北京,2015-04-15,中度污染
91,26,北京,2015-04-16,良
70,45,北京,2015-03-01,良
73,53,北京,2015-03-02,良
48,8,北京,2015-03-03,优
41,24,北京,2015-03-04,优
144,110,北京,2015-03-05,轻度污染
245,195,北京,2015-03-06,重度污染
281,231,北京,2015-03-07,重度污染
169,129,北京,2015-03-08,中度污染
40,7,北京,2015-03-09,优
45,30,北京,2015-03-10,优
52,37,北京,2015-03-11,良
83,61,北京,2015-03-12,良
86,64,北京,2015-03-13,良
127,97,北京,2015-03-14,轻度污染
135,103,北京,2015-03-15,轻度污染
257,207,北京,2015-03-16,重度污染
233,183,北京,2015-03-17,重度污染
102,77,北京,2015-02-01,轻度污染
185,139,北京,2015-02-02,中度污染
153,117,北京,2015-02-03,中度污染
36,10,北京,2015-02-04,优
39,27,北京,2015-02-05,优
88,65,北京,2015-02-06,良
37,13,北京,2015-02-07,优
36,24,北京,2015-02-08,优
142,109,北京,2015-02-09,轻度污染
161,123,北京,2015-02-10,中度污染
58,41,北京,2015-02-11,良
45,32,北京,2015-02-12,优
158,121,北京,2015-02-13,中度污染
286,236,北京,2015-02-14,重度污染
334,284,北京,2015-02-15,严重污染
159,121,北京,2015-02-16,中度污染
41,22,北京,2015-02-17,优
58,41,北京,2015-01-01,良
69,51,北京,2015-01-02,良
197,148,北京,2015-01-03,中度污染
224,174,北京,2015-01-04,重度污染
139,107,北京,2015-01-05,轻度污染
51,34,北京,2015-01-06,良
84,62,北京,2015-01-07,良
163,124,北京,2015-01-08,中度污染
98,73,北京,2015-01-09,良
195,147,北京,2015-01-10,中度污染
53,37,北京,2015-01-11,良
153,117,北京,2015-01-12,中度污染
206,156,北京,2015-01-13,重度污染
264,214,北京,2015-01-14,重度污染
378,328,北京,2015-01-15,严重污染
146,112,北京,2015-01-16,轻度污染
53,10,北京,2014-12-01,良
21,12,北京,2014-12-02,优
57,8,北京,2014-12-03,良
30,7,北京,2014-12-04,优
45,25,北京,2014-12-05,优
79,58,北京,2014-12-06,良
68,49,北京,2014-12-07,良
76,55,北京,2014-12-08,良
267,217,北京,2014-12-09,重度污染
168,127,北京,2014-12-10,中度污染
38,20,北京,2014-12-11,优
41,11,北京,2014-12-12,优
65,42,北京,2014-12-13,良
108,82,北京,2014-12-14,轻度污染
86,64,北京,2014-12-15,良
30,7,北京,2014-12-16,优
78,57,北京,2014-11-01,良
29,7,北京,2014-11-02,优
52,24,北京,2014-11-03,良
124,94,北京,2014-11-04,轻度污染
102,76,北京,2014-11-05,轻度污染
32,9,北京,2014-11-06,优
59,42,北京,2014-11-07,良
90,67,北京,2014-11-08,良
79,58,北京,2014-11-09,良
91,68,北京,2014-11-10,良
58,34,北京,2014-11-11,良
41,5,北京,2014-11-12,优
45,22,北京,2014-11-13,优
55,33,北京,2014-11-14,良
122,93,北京,2014-11-15,轻度污染
100,75,北京,2014-11-16,良
89,66,北京,2014-10-01,良
74,55,北京,2014-10-02,良
118,89,北京,2014-10-03,轻度污染
100,75,北京,2014-10-04,良
42,30,北京,2014-10-05,优
50,25,北京,2014-10-06,优
185,140,北京,2014-10-07,中度污染
309,259,北京,2014-10-08,严重污染
381,331,北京,2014-10-09,严重污染
350,300,北京,2014-10-10,严重污染
240,190,北京,2014-10-11,重度污染
28,6,北京,2014-10-12,优
31,13,北京,2014-10-13,优
69,43,北京,2014-10-14,良
75,43,北京,2014-10-15,良
72,34,北京,2014-10-16,良
125,95,北京,2014-09-01,轻度污染
43,20,北京,2014-09-02,优
58,15,北京,2014-09-03,良
98,40,北京,2014-09-04,良
141,86,北京,2014-09-05,轻度污染
183,138,北京,2014-09-06,中度污染
200,150,北京,2014-09-07,中度污染
73,14,北京,2014-09-08,良
108,36,北京,2014-09-09,轻度污染
109,63,北京,2014-09-10,轻度污染
109,82,北京,2014-09-11,轻度污染
97,73,北京,2014-09-12,良
92,67,北京,2014-09-13,良
66,42,北京,2014-09-14,良
48,18,北京,2014-09-15,优
70,38,北京,2014-09-16,良
70,51,北京,2014-09-17,良
84,62,北京,2014-09-18,良
111,84,北京,2014-09-19,轻度污染
158,120,北京,2014-09-20,中度污染
117,89,北京,2014-07-01,轻度污染
77,55,北京,2014-07-02,良
240,190,北京,2014-07-03,重度污染
238,188,北京,2014-07-04,重度污染
163,124,北京,2014-07-05,中度污染
252,202,北京,2014-07-06,重度污染
215,165,北京,2014-07-07,重度污染
138,106,北京,2014-07-08,轻度污染
60,25,北京,2014-07-09,良
113,27,北京,2014-07-10,轻度污染
81,28,北京,2014-07-11,良
78,12,北京,2014-07-12,良
63,16,北京,2014-07-13,良
154,26,北京,2014-07-14,中度污染
140,50,北京,2014-07-15,轻度污染
200,150,北京,2014-08-01,中度污染
163,124,北京,2014-08-02,中度污染
145,111,北京,2014-08-03,轻度污染
46,31,北京,2014-08-04,优
81,24,北京,2014-08-05,良
57,31,北京,2014-08-06,良
160,62,北京,2014-08-07,中度污染
138,64,北京,2014-08-08,轻度污染
144,80,北京,2014-08-09,轻度污染
125,32,北京,2014-08-10,轻度污染
80,24,北京,2014-08-11,良
115,25,北京,2014-08-12,轻度污染
80,26,北京,2014-08-13,良
103,29,北京,2014-08-14,轻度污染
105,35,北京,2014-08-15,轻度污染
157,55,北京,2014-08-16,中度污染
125,53,北京,2014-08-17,轻度污染
159,121,北京,2014-05-01,中度污染
48,23,北京,2014-05-02,优
89,38,北京,2014-05-03,良
55,26,北京,2014-05-04,良
51,23,北京,2014-05-05,良
99,74,北京,2014-05-06,良
85,63,北京,2014-05-07,良
99,74,北京,2014-05-08,良
83,61,北京,2014-05-09,良
69,50,北京,2014-05-10,良
46,24,北京,2014-05-11,优
77,34,北京,2014-05-12,良
87,52,北京,2014-05-13,良
56,17,北京,2014-05-14,良
115,59,北京,2014-05-15,轻度污染
86,45,北京,2014-05-16,良
122,56,北京,2014-05-17,轻度污染
171,77,北京,2014-05-18,中度污染
145,106,北京,2014-05-19,轻度污染
105,79,北京,2014-05-20,轻度污染
164,44,北京,2014-06-01,中度污染
93,26,北京,2014-06-02,良
117,33,北京,2014-06-03,轻度污染
123,53,北京,2014-06-04,轻度污染
143,58,北京,2014-06-05,轻度污染
67,49,北京,2014-06-06,良
50,9,北京,2014-06-07,优
63,27,北京,2014-06-08,良
82,27,北京,2014-06-09,良
89,67,北京,2014-06-10,良
71,40,北京,2014-06-11,良
86,24,北京,2014-06-12,良
117,48,北京,2014-06-13,轻度污染
159,38,北京,2014-06-14,中度污染
176,101,北京,2014-06-15,中度污染
165,126,北京,2014-06-16,中度污染
54,38,北京,2014-03-01,良
178,135,北京,2014-03-02,中度污染
268,218,北京,2014-03-03,重度污染
77,57,北京,2014-03-04,良
35,20,北京,2014-03-05,优
39,16,北京,2014-03-06,优
66,48,北京,2014-03-07,良
172,131,北京,2014-03-08,中度污染
124,94,北京,2014-03-09,轻度污染
107,81,北京,2014-03-10,轻度污染
205,155,北京,2014-03-11,重度污染
41,11,北京,2014-03-12,优
62,20,北京,2014-03-13,良
64,21,北京,2014-03-14,良
124,94,北京,2014-03-15,轻度污染
148,113,北京,2014-03-16,轻度污染
137,104,北京,2014-04-01,轻度污染
130,99,北京,2014-04-02,轻度污染
65,23,北京,2014-04-03,良
91,32,北京,2014-04-04,良
65,22,北京,2014-04-05,良
96,53,北京,2014-04-06,良
128,97,北京,2014-04-07,轻度污染
224,174,北京,2014-04-08,重度污染
159,121,北京,2014-04-09,中度污染
251,87,北京,2014-04-10,重度污染
81,60,北京,2014-04-11,良
131,100,北京,2014-04-12,轻度污染
207,157,北京,2014-04-13,重度污染
279,229,北京,2014-04-14,重度污染
120,91,北京,2014-04-15,轻度污染
82,51,北京,2014-04-16,良
120,91,北京,2014-04-17,轻度污染
183,138,北京,2014-04-18,中度污染
83,61,北京,2014-04-19,良
81,60,北京,2014-04-20,良
67,48,北京,2014-04-21,良
179,135,北京,2014-02-01,中度污染
89,66,北京,2014-02-02,良
37,5,北京,2014-02-03,优
40,27,北京,2014-02-04,优
117,88,北京,2014-02-05,轻度污染
157,120,北京,2014-02-06,中度污染
133,102,北京,2014-02-07,轻度污染
90,67,北京,2014-02-08,良
33,9,北京,2014-02-09,优
35,24,北京,2014-02-10,优
129,98,北京,2014-02-11,轻度污染
146,111,北京,2014-02-12,轻度污染
238,188,北京,2014-02-13,重度污染
315,265,北京,2014-02-14,严重污染
428,393,北京,2014-02-15,严重污染
346,296,北京,2014-02-16,严重污染
81,45,北京,2014-01-01,良
145,111,北京,2014-01-02,轻度污染
74,47,北京,2014-01-03,良
149,114,北京,2014-01-04,轻度污染
119,91,北京,2014-01-05,轻度污染
182,138,北京,2014-01-06,中度污染
145,111,北京,2014-01-07,轻度污染
27,15,北京,2014-01-08,优
46,27,北京,2014-01-09,优
85,63,北京,2014-01-10,良
139,106,北京,2014-01-11,轻度污染
47,27,北京,2014-01-12,优
109,82,北京,2014-01-13,轻度污染
108,82,北京,2014-01-14,轻度污染
88,44,北京,2018-09-01,良
67,41,北京,2018-09-02,良
42,29,北京,2018-09-03,优
43,7,北京,2018-09-04,优
62,11,北京,2018-09-05,良
35,8,北京,2018-09-06,优
34,5,北京,2018-09-07,优
42,8,北京,2018-09-08,优
75,24,北京,2018-09-09,良
75,43,北京,2018-09-10,良
80,43,北京,2018-09-11,良
103,47,北京,2018-09-12,轻度污染
110,80,北京,2018-09-13,轻度污染
132,100,北京,2018-09-14,轻度污染
30,14,北京,2018-09-15,优
42,8,北京,2018-09-16,优
149,52,北京,2018-08-01,轻度污染
135,74,北京,2018-08-02,轻度污染
120,47,北京,2018-08-03,轻度污染
152,56,北京,2018-08-04,中度污染
73,30,北京,2018-08-05,良
46,32,北京,2018-08-06,优
78,55,北京,2018-08-07,良
38,20,北京,2018-08-08,优
95,26,北京,2018-08-09,良
135,32,北京,2018-08-10,轻度污染
76,41,北京,2018-08-11,良
68,49,北京,2018-08-12,良
76,41,北京,2018-08-13,良
35,23,北京,2018-08-14,优
45,13,北京,2018-08-15,优
81,12,北京,2018-08-16,良
137,28,北京,2018-08-17,轻度污染
45,13,北京,2018-08-18,优
38,18,北京,2018-08-19,优
78,21,北京,2018-08-20,良
107,44,北京,2018-07-01,轻度污染
96,39,北京,2018-07-02,良
109,49,北京,2018-07-03,轻度污染
152,52,北京,2018-07-04,中度污染
156,61,北京,2018-07-05,中度污染
150,32,北京,2018-07-06,轻度污染
65,47,北京,2018-07-07,良
98,48,北京,2018-07-08,良
93,69,北京,2018-07-09,良
46,30,北京,2018-07-10,优
40,27,北京,2018-07-11,优
43,30,北京,2018-07-12,优
55,39,北京,2018-07-13,良
99,46,北京,2018-07-14,良
103,53,北京,2018-07-15,轻度污染
111,38,北京,2018-05-01,轻度污染
46,15,北京,2018-05-02,优
50,14,北京,2018-05-03,优
100,56,北京,2018-05-04,良
0,0,北京,2018-05-05,无
112,55,北京,2018-05-06,轻度污染
92,51,北京,2018-05-07,良
81,28,北京,2018-05-08,良
106,43,北京,2018-05-09,轻度污染
130,85,北京,2018-05-10,轻度污染
100,75,北京,2018-05-11,良
169,128,北京,2018-05-12,中度污染
105,45,北京,2018-05-13,轻度污染
158,106,北京,2018-05-14,中度污染
114,25,北京,2018-06-01,轻度污染
178,45,北京,2018-06-02,中度污染
81,49,北京,2018-06-03,良
93,27,北京,2018-06-04,良
147,35,北京,2018-06-05,轻度污染
158,45,北京,2018-06-06,中度污染
84,19,北京,2018-06-07,良
80,14,北京,2018-06-08,良
49,20,北京,2018-06-09,优
95,31,北京,2018-06-10,良
89,58,北京,2018-06-11,良
125,77,北京,2018-06-12,轻度污染
59,42,北京,2018-06-13,良
111,23,北京,2018-06-14,轻度污染
120,72,北京,2018-06-15,轻度污染
126,73,北京,2018-06-16,轻度污染
213,163,北京,2018-04-01,重度污染
256,206,北京,2018-04-02,重度污染
69,12,北京,2018-04-03,良
39,22,北京,2018-04-04,优
73,50,北京,2018-04-05,良
59,14,北京,2018-04-06,良
47,18,北京,2018-04-07,优
66,38,北京,2018-04-08,良
108,81,北京,2018-04-09,轻度污染
80,47,北京,2018-04-10,良
54,18,北京,2018-04-11,良
76,29,北京,2018-04-12,良
63,37,北京,2018-04-13,良
113,26,北京,2018-04-14,轻度污染
64,23,北京,2018-04-15,良
101,67,北京,2018-04-16,轻度污染
126,89,北京,2018-04-17,轻度污染
133,101,北京,2018-04-18,轻度污染
147,112,北京,2018-04-19,轻度污染
150,115,北京,2018-04-20,轻度污染
50,17,北京,2018-03-01,优
103,77,北京,2018-03-02,轻度污染
215,165,北京,2018-03-03,重度污染
124,57,北京,2018-03-04,轻度污染
90,48,北京,2018-03-05,良
64,46,北京,2018-03-06,良
65,47,北京,2018-03-07,良
61,43,北京,2018-03-08,良
135,103,北京,2018-03-09,轻度污染
153,117,北京,2018-03-10,中度污染
84,62,北京,2018-03-11,良
189,142,北京,2018-03-12,中度污染
283,233,北京,2018-03-13,重度污染
57,34,北京,2018-01-01,良
50,28,北京,2018-01-02,优
28,11,北京,2018-01-03,优
40,15,北京,2018-01-04,优
63,32,北京,2018-01-05,良
48,16,北京,2018-01-06,优
54,38,北京,2018-01-07,良
55,12,北京,2018-01-08,良
35,7,北京,2018-01-09,优
32,6,北京,2018-01-10,优
32,13,北京,2018-01-11,优
87,61,北京,2018-01-12,良
139,106,北京,2018-01-13,轻度污染
176,133,北京,2018-01-14,中度污染
59,32,北京,2018-01-15,良
68,30,北京,2018-02-01,良
34,8,北京,2018-02-02,优
32,8,北京,2018-02-03,优
40,19,北京,2018-02-04,优
34,7,北京,2018-02-05,优
65,47,北京,2018-02-06,良
51,33,北京,2018-02-07,良
73,53,北京,2018-02-08,良
80,40,北京,2018-02-09,良
44,10,北京,2018-02-10,优
67,9,北京,2018-02-11,良
53,12,北京,2018-02-12,良
79,58,北京,2018-02-13,良
37,13,北京,2018-02-14,优
73,53,北京,2018-02-15,良
107,80,北京,2018-02-16,轻度污染
109,82,北京,2018-02-17,轻度污染
98,65,北京,2017-11-01,良
71,52,北京,2017-11-02,良
37,8,北京,2017-11-03,优
67,38,北京,2017-11-04,良
130,101,北京,2017-11-05,轻度污染
201,152,北京,2017-11-06,重度污染
111,81,北京,2017-11-07,轻度污染
63,20,北京,2017-11-08,良
78,53,北京,2017-11-09,良
39,7,北京,2017-11-10,优
46,18,北京,2017-11-11,优
78,56,北京,2017-11-12,良
60,26,北京,2017-11-13,良
32,11,北京,2017-11-14,优
46,16,北京,2017-11-15,优
90,58,北京,2017-11-16,良
55,22,北京,2017-11-17,良
54,40,北京,2017-11-18,良
117,89,北京,2017-11-19,轻度污染
87,73,北京,2017-12-01,良
162,152,北京,2017-12-02,中度污染
254,48,北京,2017-12-03,重度污染
28,6,北京,2017-12-04,优
77,25,北京,2017-12-05,良
82,23,北京,2017-12-06,良
29,9,北京,2017-12-07,优
28,23,北京,2017-12-08,优
77,34,北京,2017-12-09,良
30,7,北京,2017-12-10,优
39,6,北京,2017-12-11,优
23,14,北京,2017-12-12,优
65,32,北京,2017-12-13,良
97,74,北京,2017-12-14,良
51,33,北京,2017-12-15,良
41,8,北京,2017-12-16,优
68,28,北京,2017-12-17,良
47,12,北京,2017-12-18,优
95,69,北京,2017-10-01,良
44,13,北京,2017-10-02,优
42,16,北京,2017-10-03,优
55,30,北京,2017-10-04,良
75,55,北京,2017-10-05,良
90,67,北京,2017-10-06,良
145,114,北京,2017-10-07,轻度污染
164,123,北京,2017-10-08,中度污染
41,29,北京,2017-10-09,优
25,6,北京,2017-10-10,优
35,11,北京,2017-10-11,优
50,22,北京,2017-10-12,优
61,38,北京,2017-10-13,良
55,15,北京,2017-10-14,良
90,66,北京,2017-08-01,良
51,34,北京,2017-08-02,良
90,23,北京,2017-08-03,良
112,21,北京,2017-08-04,轻度污染
136,27,北京,2017-08-05,轻度污染
78,17,北京,2017-08-06,良
88,11,北京,2017-08-07,良
162,29,北京,2017-08-08,中度污染
101,24,北京,2017-08-09,轻度污染
125,65,北京,2017-08-10,轻度污染
119,88,北京,2017-08-11,轻度污染
46,31,北京,2017-08-12,优
57,40,北京,2017-08-13,良
93,28,北京,2017-08-14,良
106,55,北京,2017-08-15,轻度污染
85,56,北京,2017-08-16,良
92,23,北京,2017-08-17,良
72,53,北京,2017-08-18,良
198,89,北京,2017-07-01,中度污染
189,88,北京,2017-07-02,中度污染
122,61,北京,2017-07-03,轻度污染
96,48,北京,2017-07-04,良
134,82,北京,2017-07-05,轻度污染
96,70,北京,2017-07-06,良
113,32,北京,2017-07-07,轻度污染
161,41,北京,2017-07-08,中度污染
169,73,北京,2017-07-09,中度污染
136,25,北京,2017-07-10,轻度污染
208,48,北京,2017-07-11,重度污染
191,74,北京,2017-07-12,中度污染
131,63,北京,2017-07-13,轻度污染
127,34,北京,2017-07-14,轻度污染
97,40,北京,2017-07-15,良
175,67,北京,2017-07-16,中度污染
123,23,北京,2017-06-01,轻度污染
57,23,北京,2017-06-02,良
83,29,北京,2017-06-03,良
141,48,北京,2017-06-04,轻度污染
149,65,北京,2017-06-05,轻度污染
51,37,北京,2017-06-06,良
91,47,北京,2017-06-07,良
70,25,北京,2017-06-08,良
148,29,北京,2017-06-09,轻度污染
82,21,北京,2017-06-10,良
124,33,北京,2017-06-11,轻度污染
88,34,北京,2017-06-12,良
93,40,北京,2017-06-13,良
123,37,北京,2017-06-14,轻度污染
155,38,北京,2017-06-15,中度污染
81,39,北京,2017-05-01,良
132,64,北京,2017-05-02,轻度污染
93,69,北京,2017-05-03,良
500,0,北京,2017-05-04,严重污染
342,181,北京,2017-05-05,严重污染
71,34,北京,2017-05-06,良
85,28,北京,2017-05-07,良
101,56,北京,2017-05-08,轻度污染
100,43,北京,2017-05-09,良
81,39,北京,2017-05-10,良
91,31,北京,2017-05-11,良
111,45,北京,2017-05-12,轻度污染
61,19,北京,2017-05-13,良
70,12,北京,2017-05-14,良
47,8,北京,2017-03-01,优
67,40,北京,2017-03-02,良
111,82,北京,2017-03-03,轻度污染
113,87,北京,2017-03-04,轻度污染
42,12,北京,2017-03-05,优
45,17,北京,2017-03-06,优
40,7,北京,2017-03-07,优
45,10,北京,2017-03-08,优
46,13,北京,2017-03-09,优
77,34,北京,2017-03-10,良
65,44,北京,2017-03-11,良
44,7,北京,2017-03-12,优
43,11,北京,2017-03-13,优
51,21,北京,2017-03-14,良
67,31,北京,2017-04-01,良
91,68,北京,2017-04-02,良
165,125,北京,2017-04-03,中度污染
174,130,北京,2017-04-04,中度污染
81,61,北京,2017-04-05,良
125,98,北京,2017-04-06,轻度污染
100,76,北京,2017-04-07,良
86,76,北京,2017-04-08,良
87,64,北京,2017-04-09,良
90,66,北京,2017-04-10,良
58,26,北京,2017-04-11,良
70,30,北京,2017-04-12,良
91,54,北京,2017-04-13,良
93,60,北京,2017-04-14,良
51,38,北京,2017-02-01,良
103,83,北京,2017-02-02,轻度污染
210,166,北京,2017-02-03,重度污染
305,245,北京,2017-02-04,严重污染
43,12,北京,2017-02-05,优
36,15,北京,2017-02-06,优
103,80,北京,2017-02-07,轻度污染
49,30,北京,2017-02-08,优
38,7,北京,2017-02-09,优
42,7,北京,2017-02-10,优
65,53,北京,2017-02-11,良
137,107,北京,2017-02-12,轻度污染
108,85,北京,2017-02-13,轻度污染
230,185,北京,2017-02-14,重度污染
281,243,北京,2017-02-15,重度污染
135,100,北京,2017-02-16,轻度污染
54,27,北京,2016-12-15,良
149,114,北京,2016-12-16,轻度污染
246,196,北京,2016-12-17,重度污染
271,221,北京,2016-12-18,重度污染
273,223,北京,2016-12-19,重度污染
418,376,北京,2016-12-20,严重污染
431,396,北京,2016-12-21,严重污染
79,58,北京,2016-12-22,良
62,34,北京,2016-12-23,良
160,122,北京,2016-12-24,中度污染
195,146,北京,2016-12-25,中度污染
59,41,北京,2016-12-26,良
59,42,北京,2016-12-27,良
87,64,北京,2016-12-28,良
88,65,北京,2016-12-29,良
262,212,北京,2016-12-30,重度污染
351,301,北京,2016-12-31,严重污染
79,45,北京,2016-11-15,良
132,100,北京,2016-11-16,轻度污染
149,114,北京,2016-11-17,轻度污染
242,192,北京,2016-11-18,重度污染
165,125,北京,2016-11-19,中度污染
70,51,北京,2016-11-20,良
30,10,北京,2016-11-21,优
28,8,北京,2016-11-22,优
44,19,北京,2016-11-23,优
102,76,北京,2016-11-24,轻度污染
214,164,北京,2016-11-25,重度污染
315,265,北京,2016-11-26,严重污染
68,49,北京,2016-11-27,良
97,63,北京,2016-11-28,良
129,98,北京,2016-11-29,轻度污染
117,88,北京,2016-11-30,轻度污染
278,228,北京,2016-10-19,重度污染
115,87,北京,2016-10-20,轻度污染
60,43,北京,2016-10-21,良
38,15,北京,2016-10-22,优
55,28,北京,2016-10-23,良
87,64,北京,2016-10-24,良
133,101,北京,2016-10-25,轻度污染
69,42,北京,2016-10-26,良
63,30,北京,2016-10-27,良
38,11,北京,2016-10-28,优
59,26,北京,2016-10-29,良
66,44,北京,2016-10-30,良
29,9,北京,2016-10-31,优
179,54,北京,2016-08-21,中度污染
103,50,北京,2016-08-22,轻度污染
95,71,北京,2016-08-23,良
109,82,北京,2016-08-24,轻度污染
34,17,北京,2016-08-25,优
45,11,北京,2016-08-26,优
48,15,北京,2016-08-27,优
46,12,北京,2016-08-28,优
66,19,北京,2016-08-29,良
109,30,北京,2016-08-30,轻度污染
50,16,北京,2016-08-31,优
42,23,北京,2016-09-18,优
44,12,北京,2016-09-19,优
59,21,北京,2016-09-20,良
97,68,北京,2016-09-21,良
137,104,北京,2016-09-22,轻度污染
168,127,北京,2016-09-23,中度污染
156,119,北京,2016-09-24,中度污染
211,161,北京,2016-09-25,重度污染
80,59,北京,2016-09-26,良
33,23,北京,2016-09-27,优
50,16,北京,2016-09-28,优
75,53,北京,2016-09-29,良
135,103,北京,2016-09-30,轻度污染
119,47,北京,2016-07-02,轻度污染
137,83,北京,2016-07-03,轻度污染
173,131,北京,2016-07-04,中度污染
161,96,北京,2016-07-05,中度污染
155,74,北京,2016-07-06,中度污染
177,110,北京,2016-07-07,中度污染
146,91,北京,2016-07-08,轻度污染
143,83,北京,2016-07-09,轻度污染
137,91,北京,2016-07-10,轻度污染
129,86,北京,2016-07-11,轻度污染
52,29,北京,2016-07-12,良
112,20,北京,2016-07-13,轻度污染
80,35,北京,2016-07-14,良
52,36,北京,2016-07-15,良
54,38,北京,2016-07-16,良
154,79,北京,2016-07-17,中度污染
139,106,北京,2016-07-18,轻度污染
133,101,北京,2016-07-19,轻度污染
48,33,北京,2016-07-20,优
40,28,北京,2016-07-21,优
100,75,北京,2016-07-22,良
158,120,北京,2016-07-23,中度污染
131,73,北京,2016-07-24,轻度污染
57,40,北京,2016-07-25,良
93,21,北京,2016-07-26,良
168,47,北京,2016-07-27,中度污染
128,50,北京,2016-07-28,轻度污染
158,120,北京,2016-07-29,中度污染
170,129,北京,2016-07-30,中度污染
77,56,北京,2016-07-31,良
153,106,北京,2016-06-09,中度污染
123,52,北京,2016-06-10,轻度污染
64,12,北京,2016-06-11,良
146,71,北京,2016-06-12,轻度污染
96,47,北京,2016-06-13,良
50,35,北京,2016-06-14,优
92,19,北京,2016-06-15,良
90,26,北京,2016-06-16,良
59,24,北京,2016-06-17,良
145,42,北京,2016-06-18,轻度污染
149,65,北京,2016-06-19,轻度污染
166,85,北京,2016-06-20,中度污染
175,85,北京,2016-06-21,中度污染
150,56,北京,2016-06-22,轻度污染
117,76,北京,2016-06-23,轻度污染
70,13,北京,2016-06-24,良
59,18,北京,2016-06-25,良
140,41,北京,2016-06-26,轻度污染
98,60,北京,2016-06-27,良
98,73,北京,2016-06-28,良
145,111,北京,2016-06-29,轻度污染
130,60,北京,2016-06-30,轻度污染
80,59,北京,2016-04-15,良
46,16,北京,2016-04-17,优
50,19,北京,2016-04-18,优
98,73,北京,2016-04-19,良
92,68,北京,2016-04-20,良
127,96,北京,2016-04-21,轻度污染
74,33,北京,2016-04-22,良
54,23,北京,2016-04-23,良
113,85,北京,2016-04-24,轻度污染
119,90,北京,2016-04-25,轻度污染
95,71,北京,2016-04-26,良
120,91,北京,2016-04-27,轻度污染
122,81,北京,2016-04-28,轻度污染
168,127,北京,2016-04-29,中度污染
209,159,北京,2016-04-30,重度污染
58,41,北京,2016-05-14,良
49,34,北京,2016-05-15,优
75,24,北京,2016-05-16,良
162,58,北京,2016-05-17,中度污染
134,61,北京,2016-05-18,轻度污染
184,86,北京,2016-05-19,中度污染
171,88,北京,2016-05-20,中度污染
150,68,北京,2016-05-21,轻度污染
142,49,北京,2016-05-22,轻度污染
95,61,北京,2016-05-23,良
75,19,北京,2016-05-24,良
66,13,北京,2016-05-25,良
63,22,北京,2016-05-26,良
122,48,北京,2016-05-27,轻度污染
138,48,北京,2016-05-28,轻度污染
95,33,北京,2016-05-29,良
204,82,北京,2016-05-30,重度污染
138,45,北京,2016-05-31,轻度污染
103,77,北京,2016-03-14,轻度污染
190,143,北京,2016-03-15,中度污染
300,250,北京,2016-03-16,重度污染
338,288,北京,2016-03-17,严重污染
227,177,北京,2016-03-18,重度污染
88,65,北京,2016-03-19,良
89,66,北京,2016-03-20,良
163,124,北京,2016-03-21,中度污染
138,105,北京,2016-03-22,轻度污染
43,16,北京,2016-03-23,优
44,13,北京,2016-03-24,优
48,17,北京,2016-03-25,优
45,12,北京,2016-03-26,优
47,17,北京,2016-03-27,优
123,70,北京,2016-03-28,轻度污染
62,19,北京,2016-03-29,良
63,30,北京,2016-03-30,良
199,149,北京,2016-03-31,中度污染
38,8,北京,2016-02-16,优
64,46,北京,2016-02-17,良
42,14,北京,2016-02-18,优
40,15,北京,2016-02-19,优
40,16,北京,2016-02-20,优
108,81,北京,2016-02-21,轻度污染
92,68,北京,2016-02-22,良
41,11,北京,2016-02-23,优
49,26,北京,2016-02-24,优
45,25,北京,2016-02-25,优
55,36,北京,2016-02-26,良
45,22,北京,2016-02-27,优
48,31,北京,2016-02-28,优
53,35,北京,2016-02-29,良
132,100,北京,2016-01-15,轻度污染
162,123,北京,2016-01-16,中度污染
53,37,北京,2016-01-17,良
45,10,北京,2016-01-18,优
84,62,北京,2016-01-19,良
153,117,北京,2016-01-20,中度污染
173,131,北京,2016-01-21,中度污染
33,13,北京,2016-01-22,优
47,9,北京,2016-01-23,优
47,13,北京,2016-01-24,优
54,28,北京,2016-01-25,良
56,35,北京,2016-01-26,良
129,98,北京,2016-01-27,轻度污染
159,121,北京,2016-01-28,中度污染
84,62,北京,2016-01-29,良
69,50,北京,2016-01-30,良
38,18,北京,2016-01-31,优
168,127,北京,2015-12-19,中度污染
249,199,北京,2015-12-20,重度污染
280,230,北京,2015-12-21,重度污染
347,297,北京,2015-12-22,严重污染
305,255,北京,2015-12-23,严重污染
209,159,北京,2015-12-24,重度污染
485,477,北京,2015-12-25,严重污染
315,265,北京,2015-12-26,严重污染
75,49,北京,2015-12-27,良
149,114,北京,2015-12-28,轻度污染
329,279,北京,2015-12-29,严重污染
104,78,北京,2015-12-30,轻度污染
90,66,北京,2015-12-31,良
246,196,北京,2015-11-15,重度污染
79,58,北京,2015-11-16,良
82,60,北京,2015-11-17,良
92,68,北京,2015-11-18,良
102,76,北京,2015-11-19,轻度污染
88,65,北京,2015-11-20,良
60,43,北京,2015-11-21,良
69,50,北京,2015-11-22,良
39,27,北京,2015-11-23,优
65,45,北京,2015-11-24,良
69,50,北京,2015-11-25,良
55,38,北京,2015-11-26,良
264,214,北京,2015-11-27,重度污染
308,258,北京,2015-11-28,严重污染
302,252,北京,2015-11-29,严重污染
450,343,北京,2015-11-30,严重污染
344,294,北京,2015-10-17,严重污染
64,46,北京,2015-10-18,良
78,57,北京,2015-10-19,良
99,74,北京,2015-10-20,良
70,51,北京,2015-10-21,良
54,29,北京,2015-10-22,良
74,54,北京,2015-10-23,良
75,55,北京,2015-10-24,良
74,37,北京,2015-10-25,良
63,28,北京,2015-10-26,良
48,15,北京,2015-10-27,优
30,8,北京,2015-10-28,优
30,7,北京,2015-10-29,优
58,25,北京,2015-10-30,良
73,43,北京,2015-10-31,良
102,76,北京,2015-09-18,轻度污染
69,23,北京,2015-09-19,良
114,86,北京,2015-09-20,轻度污染
133,101,北京,2015-09-21,轻度污染
179,135,北京,2015-09-22,中度污染
57,32,北京,2015-09-23,良
124,94,北京,2015-09-24,轻度污染
49,22,北京,2015-09-25,优
74,34,北京,2015-09-26,良
73,48,北京,2015-09-27,良
68,49,北京,2015-09-28,良
62,44,北京,2015-09-29,良
48,30,北京,2015-09-30,优
201,38,北京,2015-08-16,重度污染
145,80,北京,2015-08-17,轻度污染
90,48,北京,2015-08-18,良
97,51,北京,2015-08-19,良
100,33,北京,2015-08-20,良
94,14,北京,2015-08-21,良
56,17,北京,2015-08-22,良
53,21,北京,2015-08-23,良
55,13,北京,2015-08-24,良
50,14,北京,2015-08-25,优
61,12,北京,2015-08-26,良
60,12,北京,2015-08-27,良
70,16,北京,2015-08-28,良
118,28,北京,2015-08-29,轻度污染
74,28,北京,2015-08-30,良
37,25,北京,2015-08-31,优
118,89,北京,2015-07-20,轻度污染
176,133,北京,2015-07-21,中度污染
110,62,北京,2015-07-22,轻度污染
70,41,北京,2015-07-23,良
138,50,北京,2015-07-24,轻度污染
158,90,北京,2015-07-25,中度污染
151,104,北京,2015-07-26,中度污染
130,75,北京,2015-07-27,轻度污染
109,52,北京,2015-07-28,轻度污染
138,86,北京,2015-07-29,轻度污染
75,44,北京,2015-07-30,良
85,26,北京,2015-07-31,良
166,126,北京,2015-05-17,中度污染
75,55,北京,2015-05-18,良
49,11,北京,2015-05-19,优
63,16,北京,2015-05-20,良
91,33,北京,2015-05-21,良
137,52,北京,2015-05-22,轻度污染
179,95,北京,2015-05-23,中度污染
178,115,北京,2015-05-24,中度污染
203,101,北京,2015-05-25,重度污染
191,87,北京,2015-05-26,中度污染
160,92,北京,2015-05-27,中度污染
151,116,北京,2015-05-28,中度污染
104,61,北京,2015-05-29,轻度污染
136,54,北京,2015-05-30,轻度污染
153,55,北京,2015-05-31,中度污染
163,90,北京,2015-06-22,中度污染
231,181,北京,2015-06-23,重度污染
159,121,北京,2015-06-24,中度污染
164,125,北京,2015-06-25,中度污染
139,106,北京,2015-06-26,轻度污染
120,89,北京,2015-06-27,轻度污染
197,148,北京,2015-06-28,中度污染
154,118,北京,2015-06-29,中度污染
52,15,北京,2015-06-30,良
112,67,北京,2015-04-17,轻度污染
182,138,北京,2015-04-18,中度污染
91,60,北京,2015-04-19,良
90,67,北京,2015-04-20,良
90,63,北京,2015-04-21,良
84,43,北京,2015-04-22,良
79,54,北京,2015-04-23,良
103,52,北京,2015-04-24,轻度污染
115,72,北京,2015-04-25,轻度污染
161,98,北京,2015-04-26,中度污染
114,81,北京,2015-04-27,轻度污染
78,43,北京,2015-04-28,良
150,115,北京,2015-04-29,轻度污染
149,114,北京,2015-04-30,轻度污染
69,47,北京,2015-03-18,良
127,81,北京,2015-03-19,轻度污染
124,44,北京,2015-03-20,轻度污染
77,19,北京,2015-03-21,良
77,20,北京,2015-03-22,良
67,34,北京,2015-03-23,良
102,77,北京,2015-03-24,轻度污染
161,123,北京,2015-03-25,中度污染
138,105,北京,2015-03-26,轻度污染
138,83,北京,2015-03-27,轻度污染
163,64,北京,2015-03-28,中度污染
166,75,北京,2015-03-29,中度污染
197,148,北京,2015-03-30,中度污染
202,152,北京,2015-03-31,重度污染
64,46,北京,2015-02-18,良
268,218,北京,2015-02-19,重度污染
183,138,北京,2015-02-20,中度污染
202,152,北京,2015-02-21,重度污染
163,42,北京,2015-02-22,中度污染
82,55,北京,2015-02-23,良
203,153,北京,2015-02-24,重度污染
103,77,北京,2015-02-25,轻度污染
39,13,北京,2015-02-26,优
37,23,北京,2015-02-27,优
162,123,北京,2015-02-28,中度污染
81,60,北京,2015-01-17,良
92,68,北京,2015-01-18,良
62,43,北京,2015-01-19,良
111,84,北京,2015-01-20,轻度污染
31,19,北京,2015-01-21,优
128,98,北京,2015-01-22,轻度污染
256,206,北京,2015-01-23,重度污染
126,96,北京,2015-01-24,轻度污染
178,134,北京,2015-01-25,中度污染
134,102,北京,2015-01-26,轻度污染
28,17,北京,2015-01-27,优
52,37,北京,2015-01-28,良
85,63,北京,2015-01-29,良
32,12,北京,2015-01-30,优
42,30,北京,2015-01-31,优
90,67,北京,2014-12-17,良
190,143,北京,2014-12-18,中度污染
52,31,北京,2014-12-19,良
24,9,北京,2014-12-20,优
36,15,北京,2014-12-21,优
93,69,北京,2014-12-22,良
98,73,北京,2014-12-23,良
31,12,北京,2014-12-24,优
43,27,北京,2014-12-25,优
150,115,北京,2014-12-26,轻度污染
240,190,北京,2014-12-27,重度污染
158,121,北京,2014-12-28,中度污染
126,96,北京,2014-12-29,轻度污染
55,24,北京,2014-12-30,良
46,6,北京,2014-12-31,优
41,22,北京,2014-11-17,优
76,55,北京,2014-11-18,良
268,218,北京,2014-11-19,重度污染
342,292,北京,2014-11-20,严重污染
237,187,北京,2014-11-21,重度污染
52,31,北京,2014-11-22,良
155,118,北京,2014-11-23,中度污染
100,75,北京,2014-11-24,良
180,136,北京,2014-11-25,中度污染
282,232,北京,2014-11-26,重度污染
97,73,北京,2014-11-27,良
105,79,北京,2014-11-28,轻度污染
267,217,北京,2014-11-29,重度污染
146,89,北京,2014-11-30,轻度污染
123,94,北京,2014-10-17,轻度污染
202,152,北京,2014-10-18,重度污染
293,243,北京,2014-10-19,重度污染
248,198,北京,2014-10-20,重度污染
66,34,北京,2014-10-21,良
95,71,北京,2014-10-22,良
155,118,北京,2014-10-23,中度污染
267,217,北京,2014-10-24,重度污染
341,291,北京,2014-10-25,严重污染
80,59,北京,2014-10-26,良
56,25,北京,2014-10-27,良
81,60,北京,2014-10-28,良
138,105,北京,2014-10-29,轻度污染
205,155,北京,2014-10-30,重度污染
202,152,北京,2014-10-31,重度污染
131,100,北京,2014-09-21,轻度污染
123,94,北京,2014-09-22,轻度污染
66,48,北京,2014-09-23,良
48,34,北京,2014-09-24,优
140,107,北京,2014-09-25,轻度污染
163,124,北京,2014-09-26,中度污染
43,30,北京,2014-09-27,优
78,56,北京,2014-09-28,良
70,51,北京,2014-09-29,良
51,24,北京,2014-09-30,良
114,86,北京,2014-07-16,轻度污染
175,132,北京,2014-07-17,中度污染
188,142,北京,2014-07-18,中度污染
109,82,北京,2014-07-19,轻度污染
118,67,北京,2014-07-20,轻度污染
83,26,北京,2014-07-21,良
39,12,北京,2014-07-22,优
62,26,北京,2014-07-23,良
82,61,北京,2014-07-24,良
133,64,北京,2014-07-25,轻度污染
192,94,北京,2014-07-26,中度污染
197,107,北京,2014-07-27,中度污染
160,122,北京,2014-07-28,中度污染
165,125,北京,2014-07-29,中度污染
157,120,北京,2014-07-30,中度污染
245,195,北京,2014-07-31,重度污染
136,57,北京,2014-08-18,轻度污染
150,84,北京,2014-08-19,轻度污染
166,104,北京,2014-08-20,中度污染
167,126,北京,2014-08-21,中度污染
108,51,北京,2014-08-22,轻度污染
153,107,北京,2014-08-23,中度污染
93,17,北京,2014-08-24,良
57,16,北京,2014-08-25,良
75,23,北京,2014-08-26,良
135,47,北京,2014-08-27,轻度污染
103,77,北京,2014-08-28,轻度污染
98,74,北京,2014-08-29,良
170,129,北京,2014-08-30,中度污染
86,64,北京,2014-08-31,良
169,107,北京,2014-05-21,中度污染
180,136,北京,2014-05-22,中度污染
140,81,北京,2014-05-23,轻度污染
101,76,北京,2014-05-24,轻度污染
88,65,北京,2014-05-25,良
76,22,北京,2014-05-26,良
97,35,北京,2014-05-27,良
115,30,北京,2014-05-28,轻度污染
119,42,北京,2014-05-29,轻度污染
205,84,北京,2014-05-30,重度污染
195,114,北京,2014-05-31,中度污染
116,88,北京,2014-06-17,轻度污染
115,61,北京,2014-06-18,轻度污染
158,121,北京,2014-06-19,中度污染
86,44,北京,2014-06-20,良
95,65,北京,2014-06-21,良
89,29,北京,2014-06-22,良
111,23,北京,2014-06-23,轻度污染
158,49,北京,2014-06-24,中度污染
134,102,北京,2014-06-25,轻度污染
167,127,北京,2014-06-26,中度污染
74,19,北京,2014-06-27,良
67,19,北京,2014-06-28,良
154,42,北京,2014-06-29,中度污染
179,73,北京,2014-06-30,中度污染
145,83,北京,2014-03-17,轻度污染
87,37,北京,2014-03-18,良
72,46,北京,2014-03-19,良
44,10,北京,2014-03-20,优
57,25,北京,2014-03-21,良
82,47,北京,2014-03-22,良
177,134,北京,2014-03-23,中度污染
270,220,北京,2014-03-24,重度污染
250,200,北京,2014-03-25,重度污染
319,269,北京,2014-03-26,严重污染
299,249,北京,2014-03-27,重度污染
168,128,北京,2014-03-28,中度污染
63,39,北京,2014-03-29,良
64,31,北京,2014-03-30,良
176,133,北京,2014-03-31,中度污染
86,58,北京,2014-04-22,良
151,116,北京,2014-04-23,中度污染
151,115,北京,2014-04-24,中度污染
171,129,北京,2014-04-25,中度污染
66,37,北京,2014-04-26,良
73,51,北京,2014-04-27,良
84,61,北京,2014-04-28,良
118,89,北京,2014-04-29,轻度污染
136,103,北京,2014-04-30,轻度污染
138,105,北京,2014-02-17,轻度污染
95,71,北京,2014-02-18,良
87,64,北京,2014-02-19,良
214,164,北京,2014-02-20,重度污染
309,259,北京,2014-02-21,严重污染
313,263,北京,2014-02-22,严重污染
261,211,北京,2014-02-23,重度污染
310,260,北京,2014-02-24,严重污染
403,354,北京,2014-02-25,严重污染
366,316,北京,2014-02-26,严重污染
35,16,北京,2014-02-27,优
103,78,北京,2014-02-28,轻度污染
125,95,北京,2014-01-15,轻度污染
402,353,北京,2014-01-16,严重污染
215,165,北京,2014-01-17,重度污染
99,74,北京,2014-01-18,良
151,115,北京,2014-01-19,中度污染
35,8,北京,2014-01-20,优
26,18,北京,2014-01-21,优
150,115,北京,2014-01-22,轻度污染
271,221,北京,2014-01-23,重度污染
197,148,北京,2014-01-24,中度污染
42,24,北京,2014-01-25,优
72,53,北京,2014-01-26,良
118,89,北京,2014-01-27,轻度污染
62,40,北京,2014-01-28,良
155,118,北京,2014-01-29,中度污染
96,72,北京,2014-01-30,良
190,143,北京,2014-01-31,中度污染
470,454,北京,2017-01-01,严重污染
248,198,北京,2017-01-02,重度污染
348,311,北京,2017-01-03,严重污染
389,364,北京,2017-01-04,严重污染
270,223,北京,2017-01-05,重度污染
248,199,北京,2017-01-06,重度污染
220,167,北京,2017-01-07,重度污染
50,34,北京,2017-01-08,优
50,36,北京,2017-01-09,优
42,25,北京,2017-01-10,优
95,58,北京,2017-01-11,良
63,41,北京,2017-01-12,良
34,8,北京,2017-01-13,优
56,20,北京,2017-01-14,良
71,53,北京,2017-01-15,良
121,96,北京,2017-01-16,轻度污染
150,24,北京,2019-08-01,轻度污染
83,29,北京,2019-08-02,良
117,35,北京,2019-08-03,轻度污染
65,40,北京,2019-08-04,良
51,30,北京,2019-08-05,良
91,46,北京,2019-08-06,良
96,17,北京,2019-08-07,良
123,33,北京,2019-08-08,轻度污染
75,40,北京,2019-08-09,良
61,23,北京,2019-08-10,良
28,15,北京,2019-08-11,优
39,6,北京,2019-08-12,优
39,5,北京,2019-08-13,优
44,11,北京,2019-08-14,优
117,15,北京,2019-08-15,轻度污染
67,10,北京,2019-07-01,良
110,24,北京,2019-07-02,轻度污染
119,21,北京,2019-07-03,轻度污染
173,30,北京,2019-07-04,中度污染
60,27,北京,2019-07-05,良
33,7,北京,2019-07-06,优
64,13,北京,2019-07-07,良
100,25,北京,2019-07-08,良
50,29,北京,2019-07-09,优
90,44,北京,2019-07-10,良
96,28,北京,2019-07-11,良
144,25,北京,2019-07-12,轻度污染
151,55,北京,2019-07-13,中度污染
117,15,北京,2019-07-14,轻度污染
162,53,北京,2019-07-15,中度污染
101,37,北京,2019-07-16,轻度污染
72,52,北京,2019-07-17,良
130,67,北京,2019-07-18,轻度污染
77,56,北京,2019-07-19,良
104,30,北京,2019-06-01,轻度污染
141,45,北京,2019-06-02,轻度污染
124,28,北京,2019-06-03,轻度污染
98,60,北京,2019-06-04,良
75,47,北京,2019-06-05,良
73,53,北京,2019-06-06,良
117,62,北京,2019-06-07,轻度污染
80,34,北京,2019-06-08,良
49,6,北京,2019-06-09,优
97,29,北京,2019-06-10,良
175,51,北京,2019-06-11,中度污染
156,35,北京,2019-06-12,中度污染
127,23,北京,2019-06-13,轻度污染
87,31,北京,2019-06-14,良
123,21,北京,2019-06-15,轻度污染
36,25,北京,2019-06-16,优
97,51,北京,2019-06-17,良
186,60,北京,2019-06-18,中度污染
60,13,北京,2019-05-01,良
85,23,北京,2019-05-02,良
108,53,北京,2019-05-03,轻度污染
126,49,北京,2019-05-04,轻度污染
52,22,北京,2019-05-05,良
56,19,北京,2019-05-06,良
65,23,北京,2019-05-07,良
69,47,北京,2019-05-08,良
81,37,北京,2019-05-09,良
124,51,北京,2019-05-10,轻度污染
138,71,北京,2019-05-11,轻度污染
117,88,北京,2019-05-12,轻度污染
60,19,北京,2019-05-13,良
101,54,北京,2019-05-14,轻度污染
45,13,北京,2019-04-01,优
58,30,北京,2019-04-02,良
78,57,北京,2019-04-03,良
90,67,北京,2019-04-04,良
171,40,北京,2019-04-05,中度污染
131,39,北京,2019-04-06,轻度污染
75,40,北京,2019-04-07,良
61,29,北京,2019-04-08,良
39,24,北京,2019-04-09,优
48,26,北京,2019-04-10,优
65,47,北京,2019-04-11,良
85,63,北京,2019-04-12,良
109,82,北京,2019-04-13,轻度污染
57,17,北京,2019-04-14,良
74,43,北京,2019-04-15,良
101,72,北京,2019-04-16,轻度污染
138,105,北京,2019-04-17,轻度污染
107,38,北京,2019-04-18,轻度污染
61,20,北京,2019-04-19,良
68,42,北京,2019-02-01,良
142,108,北京,2019-02-02,轻度污染
104,40,北京,2019-02-03,轻度污染
78,46,北京,2019-02-04,良
139,97,北京,2019-02-05,轻度污染
78,53,北京,2019-02-06,良
35,8,北京,2019-02-07,优
46,25,北京,2019-02-08,优
32,9,北京,2019-02-09,优
39,27,北京,2019-02-10,优
51,35,北京,2019-02-11,良
52,30,北京,2019-02-12,良
38,23,北京,2019-02-13,优
72,52,北京,2019-02-14,良
35,8,北京,2019-02-15,优
38,8,北京,2019-02-16,优
36,14,北京,2019-02-17,优
59,31,北京,2019-02-18,良
118,89,北京,2019-02-19,轻度污染
158,120,北京,2019-03-01,中度污染
233,183,北京,2019-03-02,重度污染
213,163,北京,2019-03-03,重度污染
143,109,北京,2019-03-04,轻度污染
114,86,北京,2019-03-05,轻度污染
42,8,北京,2019-03-06,优
48,20,北京,2019-03-07,优
79,58,北京,2019-03-08,良
113,85,北京,2019-03-09,轻度污染
145,111,北京,2019-03-10,轻度污染
41,22,北京,2019-03-11,优
39,4,北京,2019-03-12,优
39,8,北京,2019-03-13,优
43,7,北京,2019-03-14,优
48,11,北京,2019-03-15,优
56,23,北京,2019-03-16,良
74,49,北京,2019-03-17,良
134,102,北京,2019-03-18,轻度污染
175,132,北京,2018-12-01,中度污染
232,182,北京,2018-12-02,重度污染
0,0,北京,2018-12-03,无
61,14,北京,2018-12-04,良
77,39,北京,2018-12-05,良
37,9,北京,2018-12-06,优
38,6,北京,2018-12-07,优
36,11,北京,2018-12-08,优
73,41,北京,2018-12-09,良
83,58,北京,2018-12-10,良
52,21,北京,2018-12-11,良
73,31,北京,2018-12-12,良
49,13,北京,2018-12-13,优
83,48,北京,2018-12-14,良
120,91,北京,2018-12-15,轻度污染
45,28,北京,2019-01-01,优
78,57,北京,2019-01-02,良
162,123,北京,2019-01-03,中度污染
40,18,北京,2019-01-04,优
47,17,北京,2019-01-05,优
88,64,北京,2019-01-06,良
55,34,北京,2019-01-07,良
35,10,北京,2019-01-08,优
74,41,北京,2019-01-09,良
100,75,北京,2019-01-10,良
135,103,北京,2019-01-11,轻度污染
267,217,北京,2019-01-12,重度污染
169,128,北京,2019-01-13,中度污染
137,104,北京,2019-01-14,轻度污染
54,9,北京,2019-01-15,良
73,38,北京,2019-01-16,良
78,45,北京,2019-01-17,良
80,51,北京,2018-11-01,良
152,116,北京,2018-11-02,中度污染
211,161,北京,2018-11-03,重度污染
102,76,北京,2018-11-04,轻度污染
47,20,北京,2018-11-05,优
50,14,北京,2018-11-06,优
65,28,北京,2018-11-07,良
94,70,北京,2018-11-08,良
54,31,北京,2018-11-09,良
50,13,北京,2018-11-10,优
72,46,北京,2018-11-11,良
132,100,北京,2018-11-12,轻度污染
230,180,北京,2018-11-13,重度污染
52,12,北京,2018-09-17,良
63,20,北京,2018-09-18,良
74,28,北京,2018-09-19,良
64,45,北京,2018-09-20,良
45,15,北京,2018-09-21,优
34,6,北京,2018-09-22,优
30,5,北京,2018-09-23,优
36,8,北京,2018-09-24,优
48,22,北京,2018-09-25,优
54,34,北京,2018-09-26,良
89,66,北京,2018-09-27,良
75,55,北京,2018-09-28,良
32,6,北京,2018-09-29,优
30,5,北京,2018-09-30,优
51,11,北京,2018-08-21,良
54,17,北京,2018-08-22,良
68,15,北京,2018-08-23,良
54,11,北京,2018-08-24,良
121,27,北京,2018-08-25,轻度污染
125,53,北京,2018-08-26,轻度污染
124,56,北京,2018-08-27,轻度污染
92,53,北京,2018-08-28,良
53,8,北京,2018-08-29,良
39,14,北京,2018-08-30,优
86,13,北京,2018-08-31,良
33,23,北京,2018-07-16,优
32,18,北京,2018-07-17,优
99,74,北京,2018-07-18,良
84,62,北京,2018-07-19,良
95,71,北京,2018-07-20,良
116,61,北京,2018-07-21,轻度污染
55,39,北京,2018-07-22,良
89,46,北京,2018-07-23,良
28,14,北京,2018-07-24,优
48,9,北京,2018-07-25,优
85,10,北京,2018-07-26,良
83,43,北京,2018-07-27,良
114,49,北京,2018-07-28,轻度污染
130,65,北京,2018-07-29,轻度污染
126,64,北京,2018-07-30,轻度污染
145,56,北京,2018-07-31,轻度污染
83,61,北京,2018-05-15,良
138,105,北京,2018-05-16,轻度污染
54,38,北京,2018-05-17,良
84,21,北京,2018-05-18,良
97,35,北京,2018-05-19,良
54,37,北京,2018-05-20,良
79,58,北京,2018-05-21,良
96,42,北京,2018-05-22,良
130,52,北京,2018-05-23,轻度污染
135,47,北京,2018-05-24,轻度污染
144,55,北京,2018-05-25,轻度污染
0,0,北京,2018-05-26,无
83,40,北京,2018-05-27,良
0,0,北京,2018-05-28,无
55,13,北京,2018-05-29,良
85,12,北京,2018-05-30,良
137,26,北京,2018-05-31,轻度污染
87,41,北京,2018-06-17,良
131,72,北京,2018-06-18,轻度污染
104,47,北京,2018-06-19,轻度污染
86,35,北京,2018-06-20,良
142,24,北京,2018-06-21,轻度污染
89,55,北京,2018-06-22,良
190,50,北京,2018-06-23,中度污染
164,48,北京,2018-06-24,中度污染
111,73,北京,2018-06-25,轻度污染
144,110,北京,2018-06-26,轻度污染
44,24,北京,2018-06-27,优
59,8,北京,2018-06-28,良
95,16,北京,2018-06-29,良
165,29,北京,2018-06-30,中度污染
85,63,北京,2018-04-21,良
36,10,北京,2018-04-22,优
49,16,北京,2018-04-23,优
56,18,北京,2018-04-24,良
77,31,北京,2018-04-25,良
113,85,北京,2018-04-26,轻度污染
107,39,北京,2018-04-27,轻度污染
133,88,北京,2018-04-28,轻度污染
176,133,北京,2018-04-29,中度污染
60,26,北京,2018-04-30,良
276,226,北京,2018-03-14,重度污染
61,20,北京,2018-03-15,良
55,32,北京,2018-03-16,良
83,61,北京,2018-03-17,良
135,103,北京,2018-03-18,轻度污染
93,69,北京,2018-03-19,良
40,23,北京,2018-03-20,优
79,58,北京,2018-03-21,良
110,83,北京,2018-03-22,轻度污染
138,105,北京,2018-03-23,轻度污染
117,88,北京,2018-03-24,轻度污染
74,54,北京,2018-03-25,良
150,115,北京,2018-03-26,轻度污染
233,183,北京,2018-03-27,重度污染
0,0,北京,2018-03-28,无
107,37,北京,2018-03-29,轻度污染
66,39,北京,2018-03-30,良
128,97,北京,2018-03-31,轻度污染
114,45,北京,2018-01-16,轻度污染
77,42,北京,2018-01-17,良
93,63,北京,2018-01-18,良
108,81,北京,2018-01-19,轻度污染
63,31,北京,2018-01-20,良
64,37,北京,2018-01-21,良
47,22,北京,2018-01-22,优
32,11,北京,2018-01-23,优
35,17,北京,2018-01-24,优
33,9,北京,2018-01-25,优
53,29,北京,2018-01-26,良
112,84,北京,2018-01-27,轻度污染
59,11,北京,2018-01-28,良
56,8,北京,2018-01-29,良
36,11,北京,2018-01-30,优
62,22,北京,2018-01-31,良
152,116,北京,2018-02-18,中度污染
188,141,北京,2018-02-19,中度污染
63,45,北京,2018-02-20,良
48,33,北京,2018-02-21,优
45,18,北京,2018-02-22,优
52,23,北京,2018-02-23,良
62,30,北京,2018-02-24,良
82,60,北京,2018-02-25,良
162,123,北京,2018-02-26,中度污染
218,168,北京,2018-02-27,重度污染
115,87,北京,2018-02-28,轻度污染
135,105,北京,2017-11-20,轻度污染
158,119,北京,2017-11-21,中度污染
33,7,北京,2017-11-22,优
30,7,北京,2017-11-23,优
47,22,北京,2017-11-24,优
76,39,北京,2017-11-25,良
30,12,北京,2017-11-26,优
93,70,北京,2017-11-27,良
64,37,北京,2017-11-28,良
43,14,北京,2017-11-29,优
55,26,北京,2017-11-30,良
65,37,北京,2017-12-19,良
53,20,北京,2017-12-20,良
98,53,北京,2017-12-21,良
72,36,北京,2017-12-22,良
79,32,北京,2017-12-23,良
49,13,北京,2017-12-24,优
62,31,北京,2017-12-25,良
59,25,北京,2017-12-26,良
99,76,北京,2017-12-27,良
143,109,北京,2017-12-28,轻度污染
225,175,北京,2017-12-29,重度污染
145,111,北京,2017-12-30,轻度污染
64,32,北京,2017-12-31,良
67,50,北京,2017-10-15,良
55,41,北京,2017-10-16,良
92,70,北京,2017-10-17,良
90,69,北京,2017-10-18,良
75,56,北京,2017-10-19,良
128,98,北京,2017-10-20,轻度污染
100,73,北京,2017-10-21,良
56,39,北京,2017-10-22,良
50,36,北京,2017-10-23,优
92,70,北京,2017-10-24,良
140,110,北京,2017-10-25,轻度污染
202,153,北京,2017-10-26,重度污染
221,170,北京,2017-10-27,重度污染
62,43,北京,2017-10-28,良
33,8,北京,2017-10-29,优
58,19,北京,2017-10-30,良
91,62,北京,2017-10-31,良
70,42,北京,2017-08-19,良
99,60,北京,2017-08-20,良
133,72,北京,2017-08-21,轻度污染
98,72,北京,2017-08-22,良
57,20,北京,2017-08-23,良
47,13,北京,2017-08-24,优
47,10,北京,2017-08-25,优
60,15,北京,2017-08-26,良
38,17,北京,2017-08-27,优
34,19,北京,2017-08-28,优
49,17,北京,2017-08-29,优
91,52,北京,2017-08-30,良
107,83,北京,2017-08-31,轻度污染
120,54,北京,2017-07-17,轻度污染
88,60,北京,2017-07-18,良
110,75,北京,2017-07-19,轻度污染
127,99,北京,2017-07-20,轻度污染
53,22,北京,2017-07-21,良
38,23,北京,2017-07-22,优
60,44,北京,2017-07-23,良
57,40,北京,2017-07-24,良
80,32,北京,2017-07-25,良
43,22,北京,2017-07-26,优
64,40,北京,2017-07-27,良
70,28,北京,2017-07-28,良
91,31,北京,2017-07-29,良
129,38,北京,2017-07-30,轻度污染
200,80,北京,2017-07-31,中度污染
158,59,北京,2017-06-16,中度污染
200,82,北京,2017-06-17,中度污染
197,70,北京,2017-06-18,中度污染
154,37,北京,2017-06-19,中度污染
156,32,北京,2017-06-20,中度污染
161,48,北京,2017-06-21,中度污染
50,33,北京,2017-06-22,优
51,19,北京,2017-06-23,良
65,21,北京,2017-06-24,良
108,26,北京,2017-06-25,轻度污染
134,24,北京,2017-06-26,轻度污染
200,70,北京,2017-06-27,中度污染
189,98,北京,2017-06-28,中度污染
139,52,北京,2017-06-29,轻度污染
200,72,北京,2017-06-30,中度污染
81,23,北京,2017-05-15,良
124,43,北京,2017-05-16,轻度污染
185,62,北京,2017-05-17,中度污染
201,86,北京,2017-05-18,重度污染
187,85,北京,2017-05-19,中度污染
171,57,北京,2017-05-20,中度污染
116,57,北京,2017-05-21,轻度污染
53,37,北京,2017-05-22,良
71,18,北京,2017-05-23,良
84,17,北京,2017-05-24,良
104,22,北京,2017-05-25,轻度污染
154,45,北京,2017-05-26,中度污染
196,69,北京,2017-05-27,中度污染
194,87,北京,2017-05-28,中度污染
69,28,北京,2017-05-29,良
101,42,北京,2017-05-30,轻度污染
140,65,北京,2017-05-31,轻度污染
86,65,北京,2017-03-15,良
148,115,北京,2017-03-16,轻度污染
160,125,北京,2017-03-17,中度污染
190,146,北京,2017-03-18,中度污染
273,222,北京,2017-03-19,重度污染
182,137,北京,2017-03-20,中度污染
113,87,北京,2017-03-21,轻度污染
175,140,北京,2017-03-22,中度污染
160,121,北京,2017-03-23,中度污染
80,60,北京,2017-03-24,良
48,34,北京,2017-03-25,优
44,12,北京,2017-03-26,优
43,17,北京,2017-03-27,优
80,60,北京,2017-03-28,良
148,118,北京,2017-03-29,轻度污染
114,86,北京,2017-03-30,轻度污染
47,20,北京,2017-03-31,优
70,36,北京,2017-04-15,良
124,97,北京,2017-04-16,轻度污染
168,123,北京,2017-04-17,中度污染
65,24,北京,2017-04-18,良
87,45,北京,2017-04-19,良
71,36,北京,2017-04-20,良
54,19,北京,2017-04-21,良
87,44,北京,2017-04-22,良
62,24,北京,2017-04-23,良
66,31,北京,2017-04-24,良
38,13,北京,2017-04-25,优
51,14,北京,2017-04-26,良
54,15,北京,2017-04-27,良
62,23,北京,2017-04-28,良
76,40,北京,2017-04-29,良
105,48,北京,2017-04-30,轻度污染
41,24,北京,2017-02-17,优
113,88,北京,2017-02-18,轻度污染
128,94,北京,2017-02-19,轻度污染
36,13,北京,2017-02-20,优
82,62,北京,2017-02-21,良
103,76,北京,2017-02-22,轻度污染
41,19,北京,2017-02-23,优
57,25,北京,2017-02-24,良
43,11,北京,2017-02-25,优
66,29,北京,2017-02-26,良
97,67,北京,2017-02-27,良
43,14,北京,2017-02-28,优
40,8,北京,2018-10-01,优
44,11,北京,2018-10-02,优
53,13,北京,2018-10-03,良
74,46,北京,2018-10-04,良
109,82,北京,2018-10-05,轻度污染
33,8,北京,2018-10-06,优
49,10,北京,2018-10-07,优
42,9,北京,2018-10-08,优
26,4,北京,2018-10-09,优
33,7,北京,2018-10-10,优
47,12,北京,2018-10-11,优
73,40,北京,2018-10-12,良
113,85,北京,2018-10-13,轻度污染
189,142,北京,2018-10-14,中度污染
203,153,北京,2018-10-15,重度污染
83,61,北京,2018-10-16,良
53,32,北京,2018-10-17,良
180,137,北京,2017-01-17,中度污染
62,38,北京,2017-01-18,良
70,45,北京,2017-01-19,良
43,25,北京,2017-01-20,优
49,24,北京,2017-01-21,优
52,26,北京,2017-01-22,良
58,36,北京,2017-01-23,良
114,90,北京,2017-01-24,轻度污染
224,178,北京,2017-01-25,重度污染
209,155,北京,2017-01-26,重度污染
87,78,北京,2017-01-27,良
398,345,北京,2017-01-28,严重污染
56,30,北京,2017-01-29,良
40,29,北京,2017-01-30,优
104,77,北京,2017-01-31,轻度污染
39,6,北京,2019-08-16,优
39,11,北京,2019-08-17,优
86,15,北京,2019-08-18,良
132,40,北京,2019-08-19,轻度污染
70,51,北京,2019-08-20,良
46,26,北京,2019-08-21,优
43,14,北京,2019-08-22,优
43,10,北京,2019-08-23,优
100,15,北京,2019-08-24,良
94,23,北京,2019-08-25,良
102,76,北京,2019-08-26,轻度污染
46,28,北京,2019-08-27,优
34,4,北京,2019-08-28,优
36,3,北京,2019-08-29,优
45,6,北京,2019-08-30,优
86,12,北京,2019-08-31,良
80,59,北京,2019-07-20,良
146,64,北京,2019-07-21,轻度污染
104,78,北京,2019-07-22,轻度污染
105,24,北京,2019-07-23,轻度污染
109,33,北京,2019-07-24,轻度污染
130,24,北京,2019-07-25,轻度污染
167,40,北京,2019-07-26,中度污染
167,83,北京,2019-07-27,中度污染
113,55,北京,2019-07-28,轻度污染
43,14,北京,2019-07-29,优
114,27,北京,2019-07-30,轻度污染
142,22,北京,2019-07-31,轻度污染
154,74,北京,2019-06-19,中度污染
179,61,北京,2019-06-20,中度污染
101,51,北京,2019-06-21,轻度污染
117,22,北京,2019-06-22,轻度污染
193,40,北京,2019-06-23,中度污染
166,36,北京,2019-06-24,中度污染
187,46,北京,2019-06-25,中度污染
188,43,北京,2019-06-26,中度污染
170,48,北京,2019-06-27,中度污染
120,27,北京,2019-06-28,轻度污染
55,14,北京,2019-06-29,良
47,5,北京,2019-06-30,优
134,91,北京,2019-05-15,轻度污染
116,67,北京,2019-05-16,轻度污染
112,81,北京,2019-05-17,轻度污染
54,38,北京,2019-05-18,良
58,30,北京,2019-05-19,良
47,12,北京,2019-05-20,优
61,14,北京,2019-05-21,良
94,21,北京,2019-05-22,良
195,27,北京,2019-05-23,中度污染
130,45,北京,2019-05-24,轻度污染
175,49,北京,2019-05-25,中度污染
64,36,北京,2019-05-26,良
48,6,北京,2019-05-27,优
80,12,北京,2019-05-28,良
144,21,北京,2019-05-29,轻度污染
61,20,北京,2019-05-30,良
60,10,北京,2019-05-31,良
57,40,北京,2019-04-20,良
112,59,北京,2019-04-21,轻度污染
126,94,北京,2019-04-22,轻度污染
124,94,北京,2019-04-23,轻度污染
60,43,北京,2019-04-24,良
49,9,北京,2019-04-25,优
60,19,北京,2019-04-26,良
54,38,北京,2019-04-27,良
65,47,北京,2019-04-28,良
139,106,北京,2019-04-29,轻度污染
74,35,北京,2019-04-30,良
64,46,北京,2019-02-20,良
129,98,北京,2019-02-21,轻度污染
132,100,北京,2019-02-22,轻度污染
180,136,北京,2019-02-23,中度污染
104,78,北京,2019-02-24,轻度污染
70,51,北京,2019-02-25,良
73,52,北京,2019-02-26,良
120,91,北京,2019-02-27,轻度污染
109,82,北京,2019-02-28,轻度污染
163,124,北京,2019-03-19,中度污染
85,63,北京,2019-03-20,良
40,5,北京,2019-03-21,优
41,7,北京,2019-03-22,优
41,11,北京,2019-03-23,优
69,36,北京,2019-03-24,良
56,21,北京,2019-03-25,良
85,47,北京,2019-03-26,良
91,63,北京,2019-03-27,良
58,24,北京,2019-03-28,良
71,22,北京,2019-03-29,良
40,5,北京,2019-03-30,优
42,8,北京,2019-03-31,优
88,65,北京,2018-12-16,良
57,25,北京,2018-12-17,良
67,27,北京,2018-12-18,良
78,34,北京,2018-12-19,良
93,51,北京,2018-12-20,良
94,70,北京,2018-12-21,良
66,34,北京,2018-12-22,良
52,13,北京,2018-12-23,良
78,51,北京,2018-12-24,良
58,27,北京,2018-12-25,良
33,9,北京,2018-12-26,优
51,7,北京,2018-12-27,良
39,9,北京,2018-12-28,优
33,10,北京,2018-12-29,优
47,15,北京,2018-12-30,优
70,38,北京,2018-12-31,良
94,64,北京,2019-01-18,良
33,11,北京,2019-01-19,优
33,9,北京,2019-01-20,优
57,24,北京,2019-01-21,良
64,28,北京,2019-01-22,良
60,23,北京,2019-01-23,良
79,58,北京,2019-01-24,良
32,10,北京,2019-01-25,优
44,25,北京,2019-01-26,优
76,49,北京,2019-01-27,良
56,35,北京,2019-01-28,良
270,220,北京,2018-11-14,重度污染
84,62,北京,2018-11-15,良
39,14,北京,2018-11-16,优
78,44,北京,2018-11-17,良
64,30,北京,2018-11-18,良
83,47,北京,2018-11-19,良
69,40,北京,2018-11-20,良
49,21,北京,2018-11-21,优
68,28,北京,2018-11-22,良
93,69,北京,2018-11-23,良
123,93,北京,2018-11-24,轻度污染
119,90,北京,2018-11-25,轻度污染
266,216,北京,2018-11-26,重度污染
163,50,北京,2018-11-27,中度污染
116,56,北京,2018-11-28,轻度污染
101,58,北京,2018-11-29,轻度污染
123,93,北京,2018-11-30,轻度污染
67,31,北京,2018-10-18,良
73,43,北京,2018-10-19,良
88,65,北京,2018-10-20,良
152,116,北京,2018-10-21,中度污染
158,120,北京,2018-10-22,中度污染
45,15,北京,2018-10-23,优
85,45,北京,2018-10-24,良
112,84,北京,2018-10-25,轻度污染
45,5,北京,2018-10-26,优
33,10,北京,2018-10-27,优
36,4,北京,2018-10-28,优
31,5,北京,2018-10-29,优
49,11,北京,2018-10-30,优
62,23,北京,2018-10-31,良
139,106,北京,2019-01-29,轻度污染
63,28,北京,2019-01-30,良
30,13,北京,2019-01-31,优
